x1,y1,x2,y2,x3,y3,x4,y4,x5,y5,x6,y6,x7,y7,x8,y8,x9,y9,x10,y10,x11,y11,x12,y12,x13,y13,x14,y14,x15,y15,x16,y16,x17,y17,x18,y18
0.0,0.9934283060224653,0.0,-2.8307414841008285,0.0,0.7155747206965666,0.0,-1.6579900218441446,0.0,-3.188855317588734,0.0,1.8523550950632828,0.0,1.5139772332907038,0.0,-1.045446041038079,0.0,1.8765676119519954,0.0,0.7373466177458023,0.0,2.7987108731720043,0.0,1.9960202197193044,0.0,0.25044900529581454,0.0,-1.3361809072860975,0.0,-2.093821965363879,0.0,1.5567221523332755,0.0,-0.9144822055242008,0.0,57.012601985471186
0.10101010101010101,-0.0745084003221673,0.10101010101010101,-0.6392704435105161,0.10101010101010101,1.3235892547566708,0.10101010101010101,-0.9183418783737372,0.10101010101010101,-0.9967298438873438,0.10101010101010101,4.020853482960463,0.10101010101010101,-1.6423104463350489,0.10101010101010101,2.3000386536939805,0.10101010101010101,-0.8300692544145458,0.10101010101010101,-0.5846574226345194,0.10101010101010101,2.0512875678457396,0.10101010101010101,-5.590490554367176,0.10101010101010101,-0.656790880230304,0.10101010101010101,2.186104901093248,0.10101010101010101,1.2753257070747743,0.10101010101010101,-0.9003512306368648,0.10101010101010101,6.5713517927106215,0.10101010101010101,59.78374260295327
0.20202020202020202,1.699417480241789,0.20202020202020202,-0.28138862901313494,0.20202020202020202,2.570142890390958,0.20202020202020202,1.8986276142869276,0.20202020202020202,0.4145278034767704,0.20202020202020202,-2.3930947435978784,0.20202020202020202,2.1432522442517246,0.20202020202020202,-1.0046469770451145,0.20202020202020202,0.5962819579223708,0.20202020202020202,0.461530049910039,0.20202020202020202,0.5233011438807523,0.20202020202020202,4.580789813601859,0.20202020202020202,0.6486354101049716,0.20202020202020202,0.05412089064958675,0.20202020202020202,2.775448713366398,0.20202020202020202,-1.2323573628042104,0.20202020202020202,-3.8358815016832826,0.20202020202020202,62.6944293712354
0.30303030303030304,3.6521203188766567,0.30303030303030304,-0.9984939323826317,0.30303030303030304,2.713664710130412,0.30303030303030304,1.8268011369275357,0.30303030303030304,0.7000217935900902,0.30303030303030304,1.731999079441748,0.30303030303030304,3.317336323670508,0.30303030303030304,-2.2108619866665133,0.30303030303030304,-0.3184899713494789,0.30303030303030304,3.1629643312752034,0.30303030303030304,-0.6878129493505417,0.30303030303030304,0.32688134975025857,0.30303030303030304,1.692656664133382,0.30303030303030304,-0.9054297129250833,0.30303030303030304,2.0439672273907394,0.30303030303030304,0.599311691238702,0.30303030303030304,-4.905050942342177,0.30303030303030304,72.19399683912447
0.40404040404040403,0.3397740586341361,0.40404040404040403,0.4855093847487898,0.40404040404040403,-1.9472579278333741,0.40404040404040403,0.7662776201525118,0.40404040404040403,-0.09205013487767921,0.40404040404040403,-0.4932043301628458,0.40404040404040403,1.6349506145282098,0.40404040404040403,-2.3051775389669995,0.40404040404040403,-0.060911646783823103,0.40404040404040403,1.1902789441206147,0.40404040404040403,2.204527435307988,0.40404040404040403,3.024446441555841,0.40404040404040403,0.9058009487322167,0.40404040404040403,1.8811004952216153,0.40404040404040403,2.800176179692441,0.40404040404040403,0.4677115630309512,0.40404040404040403,-3.6258388230313745,0.40404040404040403,58.19637313857025
0.5050505050505051,0.541827096202649,0.5050505050505051,1.8182027237300868,0.5050505050505051,-0.8655490697292354,0.5050505050505051,1.2447557767185742,0.5050505050505051,2.255800874796008,0.5050505050505051,0.03585024257161806,0.5050505050505051,4.763692635217142,0.5050505050505051,2.222120912792289,0.5050505050505051,0.3917567631637314,0.5050505050505051,1.1029741064133078,0.5050505050505051,1.7970717809445094,0.5050505050505051,-1.0697108441500516,0.5050505050505051,1.091284392508775,0.5050505050505051,-0.7868349534810644,0.5050505050505051,-0.5034891670379114,0.5050505050505051,0.10364491144645982,0.5050505050505051,-6.281794556445076,0.5050505050505051,45.17484690762915
0.6060606060606061,4.370546843135995,0.6060606060606061,4.984493014542273,0.6060606060606061,2.2421917465385315,0.6060606060606061,3.7674510036980617,0.6060606060606061,-0.9231196466439766,0.6060606060606061,0.02733336364347383,0.6060606060606061,-0.3354571860859339,0.6060606060606061,-1.348737492871354,0.6060606060606061,1.6563887553886378,0.6060606060606061,-1.5075910698386263,0.6060606060606061,3.0025076521766767,0.6060606060606061,2.4376690222463515,0.6060606060606061,-0.19186216349229857,0.6060606060606061,1.2684835268594687,0.6060606060606061,-1.6315001213624754,0.6060606060606061,2.6048961070346426,0.6060606060606061,-1.2048302382078409,0.6060606060606061,63.451474024054626
0.7070707070707071,2.9490108724472317,0.7070707070707071,1.763297039805092,0.7070707070707071,2.4417133159658317,0.7070707070707071,0.23099863646975427,0.7070707070707071,1.1293824440988272,0.7070707070707071,-0.3138401252182179,0.7070707070707071,-1.07516799248142,0.7070707070707071,4.923729778110143,0.7070707070707071,0.4566441708144595,0.7070707070707071,2.9066485461958553,0.7070707070707071,2.684485017505353,0.7070707070707071,-0.6926897122058981,0.7070707070707071,0.08833957903951783,0.7070707070707071,1.395903420853007,0.7070707070707071,4.416808718052388,0.7070707070707071,3.324751831282436,0.7070707070707071,6.002180171135683,0.7070707070707071,87.9976386979043
0.8080808080808081,0.6772128442917119,0.8080808080808081,2.131262397607145,0.8080808080808081,2.646256988773712,0.8080808080808081,2.710356378501692,0.8080808080808081,1.8567528795854138,0.8080808080808081,1.71320487205127,0.8080808080808081,-1.941278881646941,0.8080808080808081,-2.547697199605828,0.8080808080808081,4.1276738673086575,0.8080808080808081,2.907129978443767,0.8080808080808081,3.715267046800286,0.8080808080808081,0.3686236947700059,0.8080808080808081,-1.189048927437771,0.8080808080808081,3.7879527478247725,0.8080808080808081,0.9708019384773446,0.8080808080808081,1.7929753887453108,0.8080808080808081,-0.808846058662279,0.8080808080808081,47.34732507234853
0.9090909090909091,2.9033019053537474,0.9090909090909091,1.6692899866494837,0.9090909090909091,9.52364479949126,0.9090909090909091,1.41379651331403,0.9090909090909091,2.847059486299316,0.9090909090909091,0.15628158535974257,0.9090909090909091,4.810270441160184,0.9090909090909091,5.211094554761894,0.9090909090909091,0.028967213742810305,0.9090909090909091,6.144691264792739,0.9090909090909091,0.7477113950606822,0.9090909090909091,5.646244525915391,0.9090909090909091,5.317335304555697,0.9090909090909091,2.767578283941724,0.9090909090909091,1.3165157852717235,0.9090909090909091,4.773241980292342,0.9090909090909091,-3.989040237904165,0.9090909090909091,30.50941390658717
1.0101010101010102,1.0933666345770958,1.0101010101010102,-1.8173404103960626,1.0101010101010102,3.1619830415883543,1.0101010101010102,1.5848396137475798,1.0101010101010102,3.4434317763798,1.0101010101010102,2.561115671761698,1.0101010101010102,3.328933332910136,1.0101010101010102,2.442236954607257,1.0101010101010102,1.6464587318793023,1.0101010101010102,1.4046455502960187,1.0101010101010102,4.654990151470672,1.0101010101010102,1.6388372186753273,1.0101010101010102,-0.4675244505805498,1.0101010101010102,1.9701481027117325,1.0101010101010102,4.676590303900136,1.0101010101010102,-0.26317620806498976,1.0101010101010102,-4.489359374880751,1.0101010101010102,72.14161338573945
1.1111111111111112,1.2907627150817085,1.1111111111111112,2.1691944713237885,1.1111111111111112,4.49335350258342,1.1111111111111112,4.4197759261966025,1.1111111111111112,-0.027061961453516137,1.1111111111111112,2.1217460033239486,1.1111111111111112,2.1110528804013122,1.1111111111111112,2.0287959984814377,1.1111111111111112,1.3427601056738725,1.1111111111111112,2.6605228775501004,1.1111111111111112,2.6174214316070215,1.1111111111111112,2.657087968581668,1.1111111111111112,0.8364118266304077,1.1111111111111112,3.8577548206227963,1.1111111111111112,3.3346822410235424,1.1111111111111112,1.8349033036627862,1.1111111111111112,-11.149287376816618,1.1111111111111112,47.59237672092804
1.2121212121212122,2.9081669673744925,1.2121212121212122,2.544702844124477,1.2121212121212122,4.332245951228829,1.2121212121212122,4.075075122218484,1.2121212121212122,-0.6439859172288203,1.2121212121212122,1.9463463305096047,1.2121212121212122,2.9841796768820648,1.2121212121212122,1.3344042506245248,1.2121212121212122,5.31819819294989,1.2121212121212122,2.923009791663935,1.2121212121212122,6.574764169492955,1.2121212121212122,4.164377885619933,1.2121212121212122,0.9874278931040295,1.2121212121212122,5.204657522277051,1.2121212121212122,3.3360179684056397,1.2121212121212122,0.9905977830368144,1.2121212121212122,0.7791852493721585,1.2121212121212122,6.546609079719275
1.3131313131313131,-1.2002978630529695,1.3131313131313131,7.5527468512331986,1.3131313131313131,3.9290451288742223,1.3131313131313131,4.253281898263904,1.3131313131313131,5.181616270059644,1.3131313131313131,0.8111353021794305,1.3131313131313131,0.3752845316658733,1.3131313131313131,3.424534854966768,1.3131313131313131,3.0193721792857757,1.3131313131313131,5.781169185789575,1.3131313131313131,1.2478869900834906,1.3131313131313131,3.6176264022078355,1.3131313131313131,4.416111380151509,1.3131313131313131,3.7418832389663508,1.3131313131313131,6.956267316064794,1.3131313131313131,-1.1068106078834936,1.3131313131313131,-4.32857992445795,1.3131313131313131,66.94843354300843
1.4141414141414141,-0.6215528367432372,1.4141414141414141,2.443560898720583,1.4141414141414141,2.197744339002137,1.4141414141414141,5.439240442591487,1.4141414141414141,3.4929108522420114,1.4141414141414141,1.6747401671461628,1.4141414141414141,7.719786787516481,1.4141414141414141,2.7530134234331314,1.4141414141414141,4.891971907220098,1.4141414141414141,2.637691763508924,1.4141414141414141,6.3002104346133265,1.4141414141414141,3.1291206385699812,1.4141414141414141,2.2383834716987727,1.4141414141414141,2.8489880679695894,1.4141414141414141,1.5412463675225423,1.4141414141414141,2.66292145659743,1.4141414141414141,-5.14482381037737,1.4141414141414141,39.29343628092155
1.5151515151515151,1.9057279718210849,1.5151515151515151,3.633397714970255,1.5151515151515151,4.548241471289565,1.5151515151515151,3.0723107135685486,1.5151515151515151,1.533329957189923,1.5151515151515151,4.541085481954543,1.5151515151515151,3.2887453942534854,1.5151515151515151,5.236906794336074,1.5151515151515151,0.059182284229086335,1.5151515151515151,3.5883460818437087,1.5151515151515151,3.426124597228326,1.5151515151515151,3.7602250352354814,1.5151515151515151,5.525787175650498,1.5151515151515151,0.40663056560271116,1.5151515151515151,4.885983286465505,1.5151515151515151,2.7868080135364632,1.5151515151515151,11.420083293769759,1.5151515151515151,48.189334353916784
1.6161616161616161,1.2066609916543847,1.6161616161616161,3.1628996929127458,1.6161616161616161,1.6866728032480887,1.6161616161616161,4.5962291749131605,1.6161616161616161,6.334627183368278,1.6161616161616161,4.234157607571994,1.6161616161616161,3.4511128215330182,1.6161616161616161,3.4607785296473117,1.6161616161616161,3.76642376406175,1.6161616161616161,4.448116251756311,1.6161616161616161,1.9294872250943356,1.6161616161616161,8.039154402799783,1.6161616161616161,1.8853419838354952,1.6161616161616161,1.102095906172487,1.6161616161616161,3.346349482117401,1.6161616161616161,6.259222718807495,1.6161616161616161,-3.3547203066564175,1.6161616161616161,56.63960661138029
1.7171717171717171,4.062838099533982,1.7171717171717171,1.0969873591043702,1.7171717171717171,2.9607062208634165,1.7171717171717171,2.813809921156522,1.7171717171717171,3.6656927029291517,1.7171717171717171,1.4792329447463322,1.7171717171717171,4.885876682140818,1.7171717171717171,3.7349469572671894,1.7171717171717171,5.213605025590308,1.7171717171717171,3.8075616806561503,1.7171717171717171,2.4665717662347912,1.7171717171717171,3.3191058402762637,1.7171717171717171,3.992331758791038,1.7171717171717171,2.823894025634099,1.7171717171717171,3.971527992069948,1.7171717171717171,4.69596680345299,1.7171717171717171,-8.910470401991073,1.7171717171717171,53.809993595581325
1.8181818181818181,1.8203154853212145,1.8181818181818181,5.922009265393678,1.8181818181818181,2.6656365407054294,1.8181818181818181,4.284696341340521,1.8181818181818181,5.99495800449129,1.8181818181818181,3.835028247222088,1.8181818181818181,4.598382099837063,1.8181818181818181,2.9091392119359245,1.8181818181818181,3.8009316149144845,1.8181818181818181,2.7434964072625796,1.8181818181818181,2.995669019974996,1.8181818181818181,4.038561729793571,1.8181818181818181,1.9656695298441216,1.8181818181818181,2.41733923204507,1.8181818181818181,6.693300489188699,1.8181818181818181,1.5879899877052264,1.8181818181818181,-7.58633343557317,1.8181818181818181,64.1890363427808
1.9191919191919191,1.0137764357132553,1.9191919191919191,5.342249903757386,1.9191919191919191,4.002132117156483,1.9191919191919191,3.5780977296484693,1.9191919191919191,3.973420801204056,1.9191919191919191,5.341158085127416,1.9191919191919191,4.286151886942101,1.9191919191919191,3.7244925909417033,1.9191919191919191,5.969344588514541,1.9191919191919191,4.226563824180453,1.9191919191919191,4.686715731187671,1.9191919191919191,5.939692630399062,1.9191919191919191,8.128682093930614,1.9191919191919191,3.464441232412946,1.9191919191919191,4.854055350963086,1.9191919191919191,7.546568971052215,1.9191919191919191,-0.015347211591983267,1.9191919191919191,41.29027258860313
2.0202020202020203,6.971701578247149,2.0202020202020203,5.6224679344901345,2.0202020202020203,8.669721173751057,2.0202020202020203,4.234395970389477,2.0202020202020203,8.161899890168016,2.0202020202020203,0.7015934781612971,2.0202020202020203,2.459455129513417,2.0202020202020203,4.656007578188159,2.0202020202020203,3.005827140203296,2.0202020202020203,6.187667540123584,2.0202020202020203,5.08607501647504,2.0202020202020203,6.251455906320008,2.0202020202020203,1.665207202345015,2.0202020202020203,4.153703890198255,2.0202020202020203,5.116996198503307,2.0202020202020203,6.482471431454746,2.0202020202020203,-5.494254007917238,2.0202020202020203,60.26211596352165
2.121212121212121,3.790871641451171,2.121212121212121,2.4236493328347644,2.121212121212121,0.5078938572407461,2.121212121212121,5.432738293298069,2.121212121212121,7.753105927310651,2.121212121212121,5.329144627184112,2.121212121212121,5.1853609566962335,2.121212121212121,0.8220874571109911,2.121212121212121,7.061119122795402,2.121212121212121,2.1893936436021217,2.121212121212121,3.0950242345470844,2.121212121212121,6.6164848535450025,2.121212121212121,4.8620656628782974,2.121212121212121,5.301809751137704,2.121212121212121,6.387438917043847,2.121212121212121,5.406619649361474,2.121212121212121,-13.555026255223197,2.121212121212121,44.80906644832166
2.2222222222222223,4.579500853820292,2.2222222222222223,7.250033066316643,2.2222222222222223,5.816964825193471,2.2222222222222223,2.8080030779774994,2.2222222222222223,3.9465161474862978,2.2222222222222223,3.1191969265527515,2.2222222222222223,8.208493437394512,2.2222222222222223,1.7480736002330186,2.2222222222222223,9.042240691682945,2.2222222222222223,4.710383792738197,2.2222222222222223,4.395735259922479,2.2222222222222223,5.721904888502814,2.2222222222222223,5.711998206308642,2.2222222222222223,4.303446888326262,2.2222222222222223,3.714538985358674,2.2222222222222223,3.9914762467447806,2.2222222222222223,-2.070521993790649,2.2222222222222223,64.77620961775006
2.323232323232323,1.7969682740377326,2.323232323232323,1.8427625208800844,2.323232323232323,1.4210329040853429,2.323232323232323,8.831239197835567,2.323232323232323,6.589606548373357,2.323232323232323,5.787661983650965,2.323232323232323,7.337304738774602,2.323232323232323,6.132992834510076,2.323232323232323,3.920787525585328,2.323232323232323,3.2462230165863,2.323232323232323,8.931005363688374,2.323232323232323,2.360454821003679,2.323232323232323,5.474062841367642,2.323232323232323,5.61946793411705,2.323232323232323,2.9680453117866334,2.323232323232323,2.727586173017687,2.323232323232323,-10.310417397391939,2.323232323232323,62.30734968026107
2.4242424242424243,3.7597193994344833,2.4242424242424243,6.022199036085389,2.4242424242424243,3.9046211169059815,2.4242424242424243,2.8364500854854446,2.4242424242424243,6.1392367476551435,2.4242424242424243,3.321966535399815,2.4242424242424243,8.034858101763643,2.4242424242424243,5.190215724740733,2.4242424242424243,3.957479805683305,2.4242424242424243,7.238578106334534,2.4242424242424243,8.303571188686272,2.4242424242424243,8.11534791308704,2.4242424242424243,4.477909530729432,2.4242424242424243,4.977433678105089,2.4242424242424243,2.7588664604427815,2.4242424242424243,4.104071296342743,2.4242424242424243,2.093761608360454,2.4242424242424243,31.291225959108093
2.525252525252525,5.272350229924783,2.525252525252525,9.431416302125008,2.525252525252525,7.228406244439782,2.525252525252525,2.622127824929586,2.525252525252525,7.787768165569748,2.525252525252525,1.440740849176012,2.525252525252525,4.02807369764268,2.525252525252525,4.682538377799692,2.525252525252525,7.9572740047404515,2.525252525252525,2.0041312409375007,2.525252525252525,5.923152389853114,2.525252525252525,2.757814264467674,2.525252525252525,4.7908636510381974,2.525252525252525,1.0995719177973076,2.525252525252525,1.1177918717530466,2.525252525252525,7.228002289913422,2.525252525252525,-2.1755172471843327,2.525252525252525,71.71964232350064
2.6262626262626263,2.950538097680647,2.6262626262626263,3.271452602263876,2.6262626262626263,5.381085290716178,2.6262626262626263,7.568746999525388,2.6262626262626263,3.3226783313650436,2.6262626262626263,1.9974403767589273,2.6262626262626263,3.2733156120080906,2.6262626262626263,5.289393118656039,2.6262626262626263,8.411669543986678,2.6262626262626263,4.134681557982076,2.6262626262626263,5.328532208861653,2.6262626262626263,5.857796183003319,2.6262626262626263,5.340148196483471,2.6262626262626263,3.373854464887744,2.6262626262626263,9.364939512405897,2.6262626262626263,9.02169786439447,2.6262626262626263,-10.115397357081635,2.6262626262626263,39.28073109771904
2.727272727272727,6.205941491236798,2.727272727272727,4.32194999533991,2.727272727272727,3.299055898686842,2.727272727272727,7.037870842471326,2.727272727272727,6.826648374542333,2.727272727272727,5.550715347868218,2.727272727272727,5.202971614346158,2.727272727272727,6.149708865268797,2.727272727272727,4.408825400238918,2.727272727272727,6.208969204674496,2.727272727272727,5.694608107981977,2.727272727272727,3.9459937545067385,2.727272727272727,5.160541451288477,2.727272727272727,5.166370343102223,2.727272727272727,3.248128723102088,2.727272727272727,8.541032511089831,2.727272727272727,-1.776736373142617,2.727272727272727,66.1611559656229
2.8282828282828283,4.455288276728046,2.8282828282828283,5.855868386740939,2.8282828282828283,4.22595823804572,2.8282828282828283,6.904805290669967,2.8282828282828283,7.773414630264832,2.8282828282828283,6.17601066000862,2.8282828282828283,5.7680154811430455,2.8282828282828283,4.577046295946934,2.8282828282828283,4.816192022373942,2.8282828282828283,8.787613715034338,2.8282828282828283,6.88360160202649,2.8282828282828283,5.528288963379672,2.8282828282828283,7.584323890155476,2.8282828282828283,3.2371761708834415,2.8282828282828283,5.214058409394113,2.8282828282828283,4.678866812993109,2.8282828282828283,-8.145570932211468,2.8282828282828283,57.345746268026815
2.929292929292929,5.275198358999305,2.929292929292929,4.8516345503534595,2.929292929292929,7.21778135645521,2.929292929292929,7.115276877114418,2.929292929292929,2.3411068857396296,2.929292929292929,4.0499526083770405,2.929292929292929,8.046968895527755,2.929292929292929,4.301976407781233,2.929292929292929,5.295016640864843,2.929292929292929,5.727085336439883,2.929292929292929,3.813000728189047,2.929292929292929,6.516110679192819,2.929292929292929,10.27963186176856,2.929292929292929,7.058443318578267,2.929292929292929,5.304959258808017,2.929292929292929,3.6193509920078357,2.929292929292929,-4.52401041226769,2.929292929292929,86.76367353590246
3.0303030303030303,4.8571928361472665,3.0303030303030303,2.959279198473795,3.0303030303030303,4.599872797171788,3.0303030303030303,6.036112514912231,3.0303030303030303,3.6940890352745104,3.0303030303030303,7.337790978160808,3.0303030303030303,2.675676801176422,3.0303030303030303,6.4522965708014235,3.0303030303030303,3.3717050385375065,3.0303030303030303,4.950207007219664,3.0303030303030303,5.54585298575937,3.0303030303030303,6.703320491506607,3.0303030303030303,4.945622490590393,3.0303030303030303,9.122107725293455,3.0303030303030303,6.675419456224262,3.0303030303030303,6.3423785544284685,3.0303030303030303,-6.667245004436716,3.0303030303030303,45.53068035256295
3.131313131313131,9.967182631644137,3.131313131313131,6.399752212238317,3.131313131313131,6.695543441790212,3.131313131313131,4.468117519654599,3.131313131313131,2.184161907106061,3.131313131313131,2.9395861380883423,3.131313131313131,9.321726901547489,3.131313131313131,4.305880707396198,3.131313131313131,4.425322369657866,3.131313131313131,10.024940401507443,3.131313131313131,2.925458114871083,3.131313131313131,7.106467771096831,3.131313131313131,3.5230203034681065,3.131313131313131,8.700149966020895,3.131313131313131,7.894100687704856,3.131313131313131,2.725747531500559,3.131313131313131,-13.625722668893761,3.131313131313131,43.01366407763605
3.2323232323232323,6.437652015170596,3.2323232323232323,4.340039037194255,3.2323232323232323,6.555790144454092,3.2323232323232323,6.616255581033917,3.2323232323232323,5.925832795757349,3.2323232323232323,6.3324868673518315,3.2323232323232323,6.148630667488486,3.2323232323232323,7.281151976075408,3.2323232323232323,4.456364931142328,3.2323232323232323,3.5686186638139765,3.2323232323232323,7.263092709857023,3.2323232323232323,9.692069002763759,3.2323232323232323,6.288082367943955,3.2323232323232323,6.037760722786048,3.2323232323232323,8.185593441365956,3.2323232323232323,7.110981893016027,3.2323232323232323,-12.914718858557007,3.2323232323232323,49.611607882245345
3.3333333333333335,4.551244808754866,3.3333333333333335,7.6138515279370305,3.3333333333333335,5.363465971455033,3.3333333333333335,5.312343243642443,3.3333333333333335,8.101751178258592,3.3333333333333335,4.244634267141754,3.3333333333333335,5.812904526771827,3.3333333333333335,3.261499458190986,3.3333333333333335,5.1310715364584105,3.3333333333333335,2.269054753426503,3.3333333333333335,7.961058546072149,3.3333333333333335,7.573735269694627,3.3333333333333335,11.826085341975304,3.3333333333333335,9.64811894036657,3.3333333333333335,5.50051178952879,3.3333333333333335,6.3714614940693295,3.3333333333333335,-4.850195912094194,3.3333333333333335,43.93640434331449
3.4343434343434343,8.513776692893247,3.4343434343434343,5.029838400219262,3.4343434343434343,11.156575047337519,3.4343434343434343,8.81892633552237,3.4343434343434343,9.873400972878924,3.4343434343434343,5.56501465308255,3.4343434343434343,4.844478118166533,3.4343434343434343,8.926998143338157,3.4343434343434343,6.799317093913306,3.4343434343434343,7.7487157687935335,3.4343434343434343,5.902313944088121,3.4343434343434343,6.380373598105571,3.4343434343434343,5.261337732747407,3.4343434343434343,7.166021783091091,3.4343434343434343,6.534443441114045,3.4343434343434343,5.936613864950384,3.4343434343434343,-11.976906963563007,3.4343434343434343,65.998838038841
3.5353535353535355,4.6290197707650265,3.5353535353535355,10.170575880742149,3.5353535353535355,8.338545115343093,3.5353535353535355,6.776592307702794,3.5353535353535355,7.218896631546621,3.5353535353535355,7.165504413339899,3.5353535353535355,3.7609937269755322,3.5353535353535355,8.015902035533157,3.5353535353535355,7.539136535780113,3.5353535353535355,6.066598622001848,3.5353535353535355,10.218680597287136,3.5353535353535355,8.998881407283786,3.5353535353535355,10.348940681595206,3.5353535353535355,6.396535128470992,3.5353535353535355,7.6358669716836705,3.5353535353535355,3.88130093617348,3.5353535353535355,-12.624302922270589,3.5353535353535355,17.673787831268243
3.6363636363636362,7.690454462736783,3.6363636363636362,5.706220688054798,3.6363636363636362,3.222442099412058,3.6363636363636362,5.621732879142249,3.6363636363636362,10.529958363869856,3.6363636363636362,5.551900542159368,3.6363636363636362,8.919068440651102,3.6363636363636362,7.784786741355024,3.6363636363636362,10.373728258355426,3.6363636363636362,5.230261638465846,3.6363636363636362,4.8211959467225896,3.6363636363636362,9.651668250576554,3.6363636363636362,10.628128900880153,3.6363636363636362,6.045921945645393,3.6363636363636362,6.775345020360178,3.6363636363636362,8.299927485866705,3.6363636363636362,-15.684703805837673,3.6363636363636362,28.926351617072918
3.7373737373737375,3.5554072269879238,3.7373737373737375,6.8306244423361235,3.7373737373737375,7.84765610428633,3.7373737373737375,6.831975791441488,3.7373737373737375,4.714544558317693,3.7373737373737375,6.705636386287824,3.7373737373737375,7.621383409124283,3.7373737373737375,9.440129442638503,3.7373737373737375,5.478039393269893,3.7373737373737375,8.89146036934618,3.7373737373737375,4.545997714327834,3.7373737373737375,5.01953184447349,3.7373737373737375,6.367570991331486,3.7373737373737375,6.869808101771218,3.7373737373737375,10.68943862678746,3.7373737373737375,6.409345795423652,3.7373737373737375,-9.094125884153907,3.7373737373737375,28.64394156841614
3.8383838383838382,5.020395578970815,3.8383838383838382,9.303802111507016,3.8383838383838382,6.3531947472309005,3.8383838383838382,8.502630585318926,3.8383838383838382,4.270002798057368,3.8383838383838382,9.689353295196558,3.8383838383838382,5.096845877285569,3.8383838383838382,11.00771656569283,3.8383838383838382,9.645412473720844,3.8383838383838382,8.164369104310074,3.8383838383838382,8.12567131388762,3.8383838383838382,8.871567816467392,3.8383838383838382,8.814733835138227,3.8383838383838382,6.900414039685219,3.8383838383838382,8.65871758004418,3.8383838383838382,5.3369340053471,3.8383838383838382,-1.2025269189357903,3.8383838383838382,69.00615183947151
3.9393939393939394,8.272510350526126,3.9393939393939394,5.417059245919969,3.9393939393939394,9.583654548380327,3.9393939393939394,6.7513387731799295,3.9393939393939394,7.767692480994642,3.9393939393939394,6.725004139741581,3.9393939393939394,5.288630334660647,3.9393939393939394,9.90752800882414,3.9393939393939394,7.450810190336861,3.9393939393939394,6.750630617314422,3.9393939393939394,9.972984484012187,3.9393939393939394,9.281133363409676,3.9393939393939394,11.135581125044954,3.9393939393939394,8.219620323538855,3.9393939393939394,9.348543450887513,3.9393939393939394,2.1342634522245802,3.9393939393939394,-17.15584638945318,3.9393939393939394,84.2122674516385
4.040404040404041,9.557741240798903,4.040404040404041,8.53572795001634,4.040404040404041,6.4957666039426805,4.040404040404041,6.436367289675219,4.040404040404041,8.848938978686697,4.040404040404041,9.752192304938365,4.040404040404041,7.409238682227825,4.040404040404041,4.399059618144791,4.040404040404041,7.981880661503215,4.040404040404041,5.520199283466292,4.040404040404041,11.448663463723818,4.040404040404041,7.485681074088097,4.040404040404041,7.3225525988331075,4.040404040404041,8.40195604290781,4.040404040404041,9.406570618142906,4.040404040404041,8.025778270706809,4.040404040404041,-12.000114837848331,4.040404040404041,47.91101562925057
4.141414141414141,8.625564845208222,4.141414141414141,10.897113791393139,4.141414141414141,8.053355399894484,4.141414141414141,8.770202705812107,4.141414141414141,8.217438786640097,4.141414141414141,6.023414573513046,4.141414141414141,11.620871333407068,4.141414141414141,5.7236743493568785,4.141414141414141,9.63246726716149,4.141414141414141,10.02774293938857,4.141414141414141,7.3650597570904015,4.141414141414141,11.03424190945152,4.141414141414141,7.875667562623558,4.141414141414141,8.28892032313511,4.141414141414141,10.629775997798932,4.141414141414141,11.827331476167771,4.141414141414141,-5.363139647165276,4.141414141414141,46.623565536199784
4.242424242424242,8.253551920072004,4.242424242424242,5.269882015726029,4.242424242424242,9.494823042809399,4.242424242424242,8.97478162706593,4.242424242424242,4.349964284768731,4.242424242424242,9.54445684067905,4.242424242424242,7.965665782121275,4.242424242424242,7.235211329457127,4.242424242424242,6.239404441723887,4.242424242424242,9.785250840765807,4.242424242424242,10.642210151711076,4.242424242424242,8.184737310783431,4.242424242424242,7.321486656951197,4.242424242424242,9.358724824341184,4.242424242424242,8.846891602255898,4.242424242424242,11.807366913944225,4.242424242424242,-13.125479683501302,4.242424242424242,51.40104326226363
4.343434343434343,8.08466129569011,4.343434343434343,9.056136403933296,4.343434343434343,10.41837907520893,4.343434343434343,7.672982336126427,4.343434343434343,8.50862860784311,4.343434343434343,11.570005928184488,4.343434343434343,5.6805827806324745,4.343434343434343,8.739050787290354,4.343434343434343,9.451688179236788,4.343434343434343,8.488516959309921,4.343434343434343,8.609851747867273,4.343434343434343,8.938021593811772,4.343434343434343,6.657355225482953,4.343434343434343,11.06816123644137,4.343434343434343,6.093204790956994,4.343434343434343,7.772676173696143,4.343434343434343,-10.768444049054361,4.343434343434343,73.23756605216381
4.444444444444445,5.9318449081540345,4.444444444444445,9.408654477385737,4.444444444444445,6.488296074777336,4.444444444444445,7.946812277652244,4.444444444444445,6.279949887879183,4.444444444444445,3.9455998886343107,4.444444444444445,8.397402760717,4.444444444444445,9.924206929827136,4.444444444444445,9.221793305315002,4.444444444444445,12.582162880984221,4.444444444444445,8.54363428900725,4.444444444444445,8.54274524032115,4.444444444444445,7.590333798756875,4.444444444444445,10.787997159771537,4.444444444444445,9.688264792394172,4.444444444444445,7.684464768165328,4.444444444444445,-18.64530097406773,4.444444444444445,31.452937316188518
4.545454545454545,7.651220674119672,4.545454545454545,10.65455483446371,4.545454545454545,8.421906619227194,4.545454545454545,9.555008965624362,4.545454545454545,10.430254188569167,4.545454545454545,7.497118579968136,4.545454545454545,8.545461951413749,4.545454545454545,7.639421464602159,4.545454545454545,10.075811618925389,4.545454545454545,6.950739558256785,4.545454545454545,10.858228965882434,4.545454545454545,9.122067186072025,4.545454545454545,6.643028557384577,4.545454545454545,6.121113154009283,4.545454545454545,7.788195303325432,4.545454545454545,10.028457603059138,4.545454545454545,-11.494828150325393,4.545454545454545,54.7673796546957
4.646464646464646,8.371651751009717,4.646464646464646,6.8190278711731285,4.646464646464646,8.34303867060738,4.646464646464646,6.396760609934644,4.646464646464646,10.02612578512299,4.646464646464646,10.447073547290373,4.646464646464646,3.899156007046149,4.646464646464646,9.66646282188345,4.646464646464646,9.871266580744928,4.646464646464646,6.241878951079815,4.646464646464646,10.59757504975613,4.646464646464646,7.100379119138889,4.646464646464646,9.361096229447744,4.646464646464646,4.185087023125383,4.646464646464646,8.23569592942978,4.646464646464646,7.29615841455271,4.646464646464646,-14.875115264416682,4.646464646464646,69.5039525956486
4.747474747474747,11.609193947387325,4.747474747474747,6.854036268780942,4.747474747474747,8.188291029802071,4.747474747474747,6.680021946196384,4.747474747474747,7.6151899222947845,4.747474747474747,9.08885872286351,4.747474747474747,9.386359761913871,4.747474747474747,7.98418363024285,4.747474747474747,14.405549774771284,4.747474747474747,8.111133355187006,4.747474747474747,6.342165180980996,4.747474747474747,6.614847729760906,4.747474747474747,7.955003032832211,4.747474747474747,11.363589317428042,4.747474747474747,10.667677532459681,4.747474747474747,10.098533294588426,4.747474747474747,-9.313774264024929,4.747474747474747,60.0218833987969
4.848484848484849,10.384206276106621,4.848484848484849,10.740852828203492,4.848484848484849,13.227878177531892,4.848484848484849,8.260081254464826,4.848484848484849,8.66923586229631,4.848484848484849,10.439261443712315,4.848484848484849,9.23510063655234,4.848484848484849,8.4739340909858,4.848484848484849,8.421489728467066,4.848484848484849,9.605797664258702,4.848484848484849,12.650050396421488,4.848484848484849,12.885979823419643,4.848484848484849,10.164541520551193,4.848484848484849,6.963212300138855,4.848484848484849,12.173535839836969,4.848484848484849,11.229130253739077,4.848484848484849,-8.608524287630791,4.848484848484849,53.79163233197487
4.94949494949495,6.372909588264432,4.94949494949495,10.492959245456271,4.94949494949495,10.70895332091181,4.94949494949495,9.472095595566206,4.94949494949495,7.780562855211997,4.94949494949495,8.691019525558259,4.94949494949495,11.291402628616737,4.94949494949495,7.085667705293455,4.94949494949495,8.836995988986263,4.94949494949495,10.385668797635283,4.94949494949495,12.659172607284802,4.94949494949495,8.205067202353245,4.94949494949495,6.7871986065826455,4.94949494949495,9.449459095204533,4.94949494949495,9.941533052462024,4.94949494949495,12.352856346758514,4.94949494949495,-1.9006666383917796,4.94949494949495,70.02092185134282
5.05050505050505,10.749178039799691,5.05050505050505,10.601995801701854,5.05050505050505,7.5792421923400095,5.05050505050505,10.722825232206109,5.05050505050505,9.975651906463757,5.05050505050505,10.2741896759559,5.05050505050505,13.79892229090079,5.05050505050505,8.254543608788293,5.05050505050505,8.854729048160571,5.05050505050505,9.61853798529744,5.05050505050505,8.849884697991042,5.05050505050505,8.118225402097487,5.05050505050505,10.762770565439014,5.05050505050505,7.760784048891381,5.05050505050505,10.718676126208027,5.05050505050505,9.900701948050195,5.05050505050505,-12.253349285447271,5.05050505050505,-4.0646458599847435
5.151515151515151,9.53286574219767,5.151515151515151,10.995926722024254,5.151515151515151,12.138754197139855,5.151515151515151,13.253742736929407,5.151515151515151,12.21331494403278,5.151515151515151,9.991675832246143,5.151515151515151,12.556160362125818,5.151515151515151,7.5996610917976355,5.151515151515151,9.192076064709793,5.151515151515151,11.007141096058897,5.151515151515151,11.09463736990512,5.151515151515151,5.996250075822873,5.151515151515151,11.970088226248151,5.151515151515151,6.699069427870263,5.151515151515151,13.707460192300779,5.151515151515151,9.89568280267637,5.151515151515151,-13.825563871634621,5.151515151515151,63.55750639061815
5.252525252525253,9.151206504438587,5.252525252525253,9.145001061893524,5.252525252525253,14.749362899075772,5.252525252525253,12.220369751454545,5.252525252525253,8.533598412379417,5.252525252525253,12.840614628370119,5.252525252525253,9.967273123940844,5.252525252525253,8.55330399909584,5.252525252525253,9.23027625043747,5.252525252525253,8.001971656669618,5.252525252525253,11.493110877615983,5.252525252525253,9.2271270096715,5.252525252525253,6.517579219907594,5.252525252525253,11.587975961460081,5.252525252525253,10.986556864027643,5.252525252525253,8.749085331537383,5.252525252525253,-14.785654249689077,5.252525252525253,36.918486337451526
5.353535353535354,11.930423284752443,5.353535353535354,11.171578101392715,5.353535353535354,12.772001228173002,5.353535353535354,10.387193647143853,5.353535353535354,11.715163738106396,5.353535353535354,11.215912393673134,5.353535353535354,8.494018889587366,5.353535353535354,12.814354300286386,5.353535353535354,13.085103769285812,5.353535353535354,13.594599915217227,5.353535353535354,11.228418238718522,5.353535353535354,8.060891120255711,5.353535353535354,11.455183846765852,5.353535353535354,12.225381027676,5.353535353535354,15.910436935431498,5.353535353535354,9.053309998990988,5.353535353535354,-17.826437524659504,5.353535353535354,13.387342062870864
5.454545454545454,12.97108995408281,5.454545454545454,11.495235855688271,5.454545454545454,7.8703509771828815,5.454545454545454,10.871058493285531,5.454545454545454,9.848575672346026,5.454545454545454,11.584296233241313,5.454545454545454,16.05581051559063,5.454545454545454,9.010293131427023,5.454545454545454,13.750099405070618,5.454545454545454,10.74478855230577,5.454545454545454,9.808480601400069,5.454545454545454,14.193121229363646,5.454545454545454,13.364428894037493,5.454545454545454,9.75607010763747,5.454545454545454,12.040110200353997,5.454545454545454,10.456133125287854,5.454545454545454,-14.671217146327908,5.454545454545454,60.22405199049962
5.555555555555555,12.973671349343508,5.555555555555555,9.682408275058375,5.555555555555555,10.142642965378608,5.555555555555555,9.106052381835493,5.555555555555555,9.525365446586422,5.555555555555555,10.287357178866175,5.555555555555555,11.229547979140087,5.555555555555555,16.37587524078589,5.555555555555555,9.969618523612159,5.555555555555555,13.345702774287366,5.555555555555555,9.767864375235007,5.555555555555555,13.13074528979638,5.555555555555555,8.6918290737287,5.555555555555555,5.929026526821291,5.555555555555555,7.589585592799475,5.555555555555555,11.845842124743466,5.555555555555555,-18.14367371736181,5.555555555555555,77.47317090325916
5.656565656565657,9.634696266686037,5.656565656565657,15.044680335420827,5.656565656565657,13.846953611504558,5.656565656565657,11.276105041146533,5.656565656565657,11.099070593222198,5.656565656565657,10.337918864986326,5.656565656565657,11.340989896957206,5.656565656565657,12.299767114893092,5.656565656565657,9.648420166922856,5.656565656565657,11.998582005886721,5.656565656565657,11.262023171148423,5.656565656565657,9.936830622775865,5.656565656565657,14.658276086806719,5.656565656565657,10.220642416626347,5.656565656565657,12.819814555340379,5.656565656565657,13.140300565597812,5.656565656565657,-16.1273920883489,5.656565656565657,47.251029707446165
5.757575757575758,10.896726763449086,5.757575757575758,12.46281735697509,5.757575757575758,10.099812583913954,5.757575757575758,10.93783423731124,5.757575757575758,9.444666870312767,5.757575757575758,10.650035139512275,5.757575757575758,11.466901340931509,5.757575757575758,11.884823762541263,5.757575757575758,12.457982627924324,5.757575757575758,12.428657953459084,5.757575757575758,13.860609553670244,5.757575757575758,16.020023125840133,5.757575757575758,12.353189533883606,5.757575757575758,12.298759525956608,5.757575757575758,12.27746828491707,5.757575757575758,9.908793613790825,5.757575757575758,-10.684739594687475,5.757575757575758,69.05749094405877
5.858585858585858,12.379698579978845,5.858585858585858,9.33456472276642,5.858585858585858,12.604810573464173,5.858585858585858,12.362608837847896,5.858585858585858,10.609873106477352,5.858585858585858,12.50607600192831,5.858585858585858,12.113341238707426,5.858585858585858,10.000456156809289,5.858585858585858,10.612725628609773,5.858585858585858,12.856706277636125,5.858585858585858,12.80437202636058,5.858585858585858,13.680702691154904,5.858585858585858,10.307148005654899,5.858585858585858,8.75934857962346,5.858585858585858,14.296677225337207,5.858585858585858,14.70254885509076,5.858585858585858,-22.60847040215578,5.858585858585858,82.24556515977291
5.959595959595959,13.870282173436637,5.959595959595959,13.232299136459577,5.959595959595959,13.468460026050593,5.959595959595959,10.264730032087273,5.959595959595959,9.523436134014222,5.959595959595959,11.077222957551392,5.959595959595959,11.630471095344033,5.959595959595959,13.319811678009902,5.959595959595959,13.18505555470294,5.959595959595959,12.814609039226548,5.959595959595959,11.177963255019707,5.959595959595959,11.269529152174673,5.959595959595959,11.807653763876507,5.959595959595959,12.28591175875023,5.959595959595959,13.265554621731836,5.959595959595959,11.376944717106781,5.959595959595959,-12.179395073142652,5.959595959595959,76.29828907168095
6.0606060606060606,11.162863645521542,6.0606060606060606,10.171848780757479,6.0606060606060606,10.267351178055955,6.0606060606060606,13.159905149694465,6.0606060606060606,16.0506623870449,6.0606060606060606,12.700761835004947,6.0606060606060606,10.973888107451648,6.0606060606060606,10.969936468736574,6.0606060606060606,12.52705816291472,6.0606060606060606,13.40665764094721,6.0606060606060606,13.66460954250881,6.0606060606060606,7.122400691464975,6.0606060606060606,13.237865946255566,6.0606060606060606,12.09059242286613,6.0606060606060606,11.844300153244573,6.0606060606060606,12.07847753251525,6.0606060606060606,-11.596242845118853,6.0606060606060606,82.79929058742786
6.161616161616162,11.951914369904689,6.161616161616162,13.897401530717227,6.161616161616162,12.204181611108723,6.161616161616162,15.388710149237479,6.161616161616162,12.39375942717578,6.161616161616162,16.4740339205232,6.161616161616162,11.22951444075154,6.161616161616162,12.567251952523046,6.161616161616162,9.29174409323786,6.161616161616162,14.981537383497187,6.161616161616162,6.626147081972173,6.161616161616162,16.905117468413806,6.161616161616162,12.475243106057146,6.161616161616162,13.4818153224345,6.161616161616162,9.874635850653592,6.161616161616162,10.828808964936677,6.161616161616162,-19.07519111980388,6.161616161616162,64.84254982143784
6.262626262626262,10.312582577240468,6.262626262626262,14.842443683267332,6.262626262626262,6.042717845114379,6.262626262626262,12.307732228338809,6.262626262626262,11.125801509267353,6.262626262626262,14.26750193211591,6.262626262626262,12.459745984820527,6.262626262626262,17.64542160179011,6.262626262626262,15.620262927912648,6.262626262626262,12.918294864655465,6.262626262626262,14.822783925996731,6.262626262626262,9.746107591725332,6.262626262626262,13.602764510145263,6.262626262626262,12.764413262080831,6.262626262626262,12.107206010680473,6.262626262626262,7.676772004706641,6.262626262626262,-29.397153282921757,6.262626262626262,51.50867277803186
6.363636363636363,10.334859479111385,6.363636363636363,11.085908090569305,6.363636363636363,10.678497444604147,6.363636363636363,13.530696171470609,6.363636363636363,13.155232548741171,6.363636363636363,12.075225662937044,6.363636363636363,11.640423185005197,6.363636363636363,12.535152927823427,6.363636363636363,16.31902807346377,6.363636363636363,14.14528024244975,6.363636363636363,9.247845169716527,6.363636363636363,9.436475233358943,6.363636363636363,10.885925541113995,6.363636363636363,10.781134845509616,6.363636363636363,11.026231818854127,6.363636363636363,14.495363519994825,6.363636363636363,-22.13001902638125,6.363636363636363,17.960683762056632
6.4646464646464645,14.554344574081325,6.4646464646464645,14.856045187781573,6.4646464646464645,12.424156626506608,6.4646464646464645,14.309580912715154,6.4646464646464645,12.70463682991127,6.4646464646464645,15.33172077362082,6.4646464646464645,11.5036013639386,6.4646464646464645,15.22783958186428,6.4646464646464645,11.703715548324157,6.4646464646464645,12.749821540718475,6.4646464646464645,12.204411046486666,6.4646464646464645,14.97443379331221,6.4646464646464645,13.268014577365085,6.4646464646464645,15.32243593262191,6.4646464646464645,11.768246029683484,6.4646464646464645,14.402980723477796,6.4646464646464645,-12.90896666113385,6.4646464646464645,45.078750237401024
6.565656565656566,15.843793188454777,6.565656565656566,13.956874985186127,6.565656565656566,10.635746767383432,6.565656565656566,12.328872187541458,6.565656565656566,12.689373932246685,6.565656565656566,12.315162385270028,6.565656565656566,13.344173586696925,6.565656565656566,11.724960281061357,6.565656565656566,12.355910011441162,6.565656565656566,16.011547562212076,6.565656565656566,10.891973342060844,6.565656565656566,18.010817943991675,6.565656565656566,10.303884137503172,6.565656565656566,12.814253985259192,6.565656565656566,14.308469940154351,6.565656565656566,12.568658017076705,6.565656565656566,-19.811310008464105,6.565656565656566,33.13506809367617
6.666666666666667,13.189313090172666,6.666666666666667,14.977453653322314,6.666666666666667,16.598155941196605,6.666666666666667,13.781518296954168,6.666666666666667,14.561666733420184,6.666666666666667,9.257084262977626,6.666666666666667,12.823378898491624,6.666666666666667,13.263356352339411,6.666666666666667,13.905064114783144,6.666666666666667,11.980548729214794,6.666666666666667,10.743970381891522,6.666666666666667,16.10187897035437,6.666666666666667,13.110881210635933,6.666666666666667,13.27872425431347,6.666666666666667,16.673142342036147,6.666666666666667,13.467314767783078,6.666666666666667,-24.996511161474555,6.666666666666667,93.41885434995628
6.767676767676767,15.542419331137584,6.767676767676767,17.32893950066143,6.767676767676767,10.67507077943227,6.767676767676767,13.560538336917125,6.767676767676767,15.050368955448144,6.767676767676767,11.519180913518726,6.767676767676767,16.543339512518912,6.767676767676767,17.076954806624556,6.767676767676767,14.204267115327585,6.767676767676767,17.137234401175167,6.767676767676767,15.857007110110573,6.767676767676767,14.663171775458254,6.767676767676767,11.727538252423955,6.767676767676767,11.668817617207143,6.767676767676767,14.324696594999496,6.767676767676767,14.567231970761734,6.767676767676767,-22.82690490917139,6.767676767676767,46.482283751353265
6.8686868686868685,14.460645787469005,6.8686868686868685,13.246597505367996,6.8686868686868685,12.85728476397977,6.8686868686868685,13.932725934471401,6.8686868686868685,12.676371442152682,6.8686868686868685,9.995789895322027,6.8686868686868685,8.435434120587713,6.8686868686868685,12.483439621798203,6.8686868686868685,15.054462282719397,6.8686868686868685,13.65705783608505,6.8686868686868685,12.801971334749954,6.8686868686868685,14.92688242070431,6.8686868686868685,12.266313852194203,6.8686868686868685,12.850809234990717,6.8686868686868685,11.345607613303368,6.8686868686868685,10.612282023600653,6.8686868686868685,-16.40296047353784,6.8686868686868685,52.464096135689715
6.96969696969697,12.64915443018369,6.96969696969697,12.43192161067896,6.96969696969697,14.200875093966122,6.96969696969697,12.393374371683006,6.96969696969697,12.78775745810458,6.96969696969697,13.236366971311321,6.96969696969697,16.122407643238862,6.96969696969697,17.5642910553878,6.96969696969697,17.95980301692664,6.96969696969697,11.077843735157844,6.96969696969697,14.632401702855372,6.96969696969697,15.646225056954554,6.96969696969697,16.411580289814815,6.96969696969697,12.169788511340137,6.96969696969697,14.828599275834222,6.96969696969697,12.88128858470135,6.96969696969697,-18.175423068084015,6.96969696969697,61.02970752080935
7.070707070707071,14.86420535243097,7.070707070707071,12.362385282163096,7.070707070707071,17.023960719546373,7.070707070707071,14.190434489932027,7.070707070707071,13.591310747110853,7.070707070707071,14.178250899793245,7.070707070707071,16.6335845264094,7.070707070707071,15.556918012325093,7.070707070707071,13.787519686426043,7.070707070707071,14.39762297123572,7.070707070707071,14.047572983655774,7.070707070707071,15.659271320987672,7.070707070707071,16.32403438260268,7.070707070707071,13.795522021567296,7.070707070707071,16.534677114705445,7.070707070707071,15.729943500657797,7.070707070707071,-22.40678170796968,7.070707070707071,50.87204892744907
7.171717171717171,17.41950747636628,7.171717171717171,12.711813773503465,7.171717171717171,11.471710041075465,7.171717171717171,15.339430925925242,7.171717171717171,9.739592013963172,7.171717171717171,17.69630896798491,7.171717171717171,10.196653878618044,7.171717171717171,13.218500791645807,7.171717171717171,12.746839854357436,7.171717171717171,12.98133102848458,7.171717171717171,15.297515997880586,7.171717171717171,14.905817191373094,7.171717171717171,15.561710585248697,7.171717171717171,17.76685130371903,7.171717171717171,13.123868534795578,7.171717171717171,11.834855497095845,7.171717171717171,-23.349273574224952,7.171717171717171,83.90102080861506
7.2727272727272725,14.473802467234641,7.2727272727272725,14.391251126626337,7.2727272727272725,16.871782049764462,7.2727272727272725,17.44774176104463,7.2727272727272725,11.51507242105744,7.2727272727272725,15.19930929298287,7.2727272727272725,13.860079357293847,7.2727272727272725,15.810270023565586,7.2727272727272725,11.786816089425491,7.2727272727272725,16.226741643431993,7.2727272727272725,14.699098327575056,7.2727272727272725,14.753856753358297,7.2727272727272725,12.360829016109387,7.2727272727272725,11.801652259591833,7.2727272727272725,14.27742021210871,7.2727272727272725,15.132570409787803,7.2727272727272725,-23.776972563400925,7.2727272727272725,37.54701276531096
7.373737373737374,17.87676205910276,7.373737373737374,15.429778697108036,7.373737373737374,14.767940869513922,7.373737373737374,16.666016399645162,7.373737373737374,17.481223282363796,7.373737373737374,14.309273689857019,7.373737373737374,14.004593015483165,7.373737373737374,16.692583646728206,7.373737373737374,13.28561466759091,7.373737373737374,13.442226788869966,7.373737373737374,12.181490299097607,7.373737373737374,14.622288491675702,7.373737373737374,14.114657848085143,7.373737373737374,11.520351951721265,7.373737373737374,14.776851136933141,7.373737373737374,12.034311138227938,7.373737373737374,-26.733263043704632,7.373737373737374,53.89214910474485
7.474747474747475,9.710004741315462,7.474747474747475,15.502876548154989,7.474747474747475,12.986477647399049,7.474747474747475,19.25585986451806,7.474747474747475,18.239430376497516,7.474747474747475,16.60830611186193,7.474747474747475,12.134471560059307,7.474747474747475,16.193114873929343,7.474747474747475,14.883241003747356,7.474747474747475,14.05712808306539,7.474747474747475,16.94202858838923,7.474747474747475,13.441565771761598,7.474747474747475,17.375690349453315,7.474747474747475,17.891835604482168,7.474747474747475,13.37969832333047,7.474747474747475,15.882354914362002,7.474747474747475,-14.347363976895217,7.474747474747475,35.15058828603904
7.575757575757575,16.795320160265597,7.575757575757575,16.8058816495872,7.575757575757575,16.07572210004169,7.575757575757575,13.616820025739052,7.575757575757575,14.653443072402395,7.575757575757575,10.72924453349938,7.575757575757575,13.5958817763334,7.575757575757575,12.011065711734238,7.575757575757575,18.740630878550725,7.575757575757575,11.372433689624089,7.575757575757575,14.164001985192526,7.575757575757575,14.590164997781603,7.575757575757575,15.43494897879496,7.575757575757575,14.732867797211417,7.575757575757575,16.44807601920287,7.575757575757575,15.080232186920183,7.575757575757575,-24.338875073329426,7.575757575757575,23.599549775585885
7.6767676767676765,15.527629490011696,7.6767676767676765,15.379539137291166,7.6767676767676765,15.751654744682293,7.6767676767676765,17.09817662697671,7.6767676767676765,16.506649279646886,7.6767676767676765,15.824764469752484,7.6767676767676765,13.132383662603695,7.6767676767676765,13.899261001885616,7.6767676767676765,14.31831275546301,7.6767676767676765,14.448922715037199,7.6767676767676765,12.240371556215852,7.6767676767676765,11.967621725144582,7.6767676767676765,19.992194433498742,7.6767676767676765,14.01538987621552,7.6767676767676765,15.11163905631979,7.6767676767676765,12.123271721724334,7.6767676767676765,-16.944510426175547,7.6767676767676765,37.76461818189429
7.777777777777778,14.95754085462382,7.777777777777778,18.46262370987019,7.777777777777778,14.355121801237965,7.777777777777778,15.922239567032259,7.777777777777778,16.178055864642626,7.777777777777778,17.09728594332949,7.777777777777778,19.060096442402802,7.777777777777778,15.060518284452545,7.777777777777778,16.00313145883335,7.777777777777778,10.707796902297641,7.777777777777778,14.69932523362373,7.777777777777778,15.358876301966056,7.777777777777778,16.3421912343443,7.777777777777778,17.63536493034771,7.777777777777778,16.39462044336961,7.777777777777778,17.885034264469898,7.777777777777778,-15.726753073721076,7.777777777777778,49.25926405903176
7.878787878787879,15.941097310646763,7.878787878787879,15.228262091099845,7.878787878787879,15.897179927555795,7.878787878787879,20.137181624011102,7.878787878787879,21.915337374486235,7.878787878787879,12.800403266016074,7.878787878787879,17.62893254387068,7.878787878787879,15.608708899375666,7.878787878787879,15.724729965430253,7.878787878787879,12.589770110604311,7.878787878787879,18.75909533884438,7.878787878787879,13.780393543273924,7.878787878787879,16.14167399055582,7.878787878787879,14.54634467810203,7.878787878787879,13.982591401971558,7.878787878787879,14.28839260397966,7.878787878787879,-18.644809145623835,7.878787878787879,41.4139555096548
7.979797979797979,11.984458130394174,7.979797979797979,21.399934292775196,7.979797979797979,15.188968765872438,7.979797979797979,14.342999388885655,7.979797979797979,18.19874578246511,7.979797979797979,18.247104046009817,7.979797979797979,18.502706149584277,7.979797979797979,17.200940154697314,7.979797979797979,18.336382506492125,7.979797979797979,17.480425271884553,7.979797979797979,17.660039443822946,7.979797979797979,13.752417325164416,7.979797979797979,15.341363031190955,7.979797979797979,19.61161538668983,7.979797979797979,15.084679358949138,7.979797979797979,14.339091085567196,7.979797979797979,-26.09749550298418,7.979797979797979,36.15158040252288
8.080808080808081,15.722272385941139,8.080808080808081,17.412950857146175,8.080808080808081,16.38865085211866,8.080808080808081,14.482172477254611,8.080808080808081,15.90578097865463,8.080808080808081,16.83860897660499,8.080808080808081,17.604960289702632,8.080808080808081,16.51701816348267,8.080808080808081,21.215481013363405,8.080808080808081,17.73321647891783,8.080808080808081,15.464311892800444,8.080808080808081,16.52140446392312,8.080808080808081,16.42869797118073,8.080808080808081,17.5174679042947,8.080808080808081,17.606378877271705,8.080808080808081,16.562754556078048,8.080808080808081,-22.223773790741195,8.080808080808081,21.873650726563323
8.181818181818182,17.077861506659858,8.181818181818182,14.649321250803798,8.181818181818182,17.687897712678456,8.181818181818182,15.16485107274832,8.181818181818182,14.452555482435512,8.181818181818182,15.53306053583476,8.181818181818182,14.105532821201905,8.181818181818182,13.692947646216162,8.181818181818182,15.301898817795722,8.181818181818182,17.214551487206293,8.181818181818182,15.665120954999505,8.181818181818182,19.147640936325562,8.181818181818182,16.058696690875276,8.181818181818182,15.387813547344958,8.181818181818182,15.61797005945283,8.181818181818182,18.660911062493795,8.181818181818182,-24.66643257740913,8.181818181818182,48.337888547426104
8.282828282828282,19.521444655139597,8.282828282828282,14.42387156953434,8.282828282828282,19.737690197947266,8.282828282828282,12.31786511703695,8.282828282828282,13.352763925141419,8.282828282828282,17.831220297869134,8.282828282828282,15.516616033097016,8.282828282828282,17.32605226766849,8.282828282828282,15.58677768062012,8.282828282828282,14.631704279398138,8.282828282828282,15.922386463221798,8.282828282828282,18.40228977766119,8.282828282828282,17.981873919033745,8.282828282828282,20.88027299218757,8.282828282828282,20.019584268123374,8.282828282828282,14.53401292769977,8.282828282828282,-29.366994152135483,8.282828282828282,19.905592519379955
8.383838383838384,15.731136331129473,8.383838383838384,17.73262159816314,8.383838383838384,14.29204577002307,8.383838383838384,15.716166724315245,8.383838383838384,17.174604039411214,8.383838383838384,21.309062483285558,8.383838383838384,17.746425890132603,8.383838383838384,17.988848258244413,8.383838383838384,18.85599852181491,8.383838383838384,16.67225405539281,8.383838383838384,20.92117273479845,8.383838383838384,13.626675560430414,8.383838383838384,18.681081401265935,8.383838383838384,15.556246921670091,8.383838383838384,15.968404396447564,8.383838383838384,16.89103646737271,8.383838383838384,-23.529718742907136,8.383838383838384,65.20111927379205
8.484848484848484,15.352709763910594,8.484848484848484,16.52277139904527,8.484848484848484,21.2357637190095,8.484848484848484,15.451431646589572,8.484848484848484,15.456995479128363,8.484848484848484,17.333429479813958,8.484848484848484,14.525441351913077,8.484848484848484,18.089277865559048,8.484848484848484,18.33347994894959,8.484848484848484,16.962491891515832,8.484848484848484,17.733567874160077,8.484848484848484,14.990440696556293,8.484848484848484,15.39771804868107,8.484848484848484,18.453887713715584,8.484848484848484,17.41906642120074,8.484848484848484,17.827329970358115,8.484848484848484,-31.349744410344464,8.484848484848484,51.64879505869006
8.585858585858587,16.1682030845481,8.585858585858587,18.599718159901357,8.585858585858587,13.267541572672169,8.585858585858587,17.47250474466959,8.585858585858587,14.327209752521824,8.585858585858587,17.668158344317845,8.585858585858587,18.597714032061948,8.585858585858587,19.333278622826416,8.585858585858587,20.86513182318924,8.585858585858587,14.854987793332088,8.585858585858587,18.031800466099313,8.585858585858587,19.053259547693607,8.585858585858587,14.509251264601616,8.585858585858587,17.770302332530157,8.585858585858587,19.036898835463354,8.585858585858587,18.55792838624346,8.585858585858587,-19.81917881526794,8.585858585858587,20.84897001070139
8.686868686868687,19.204541609141522,8.686868686868687,18.320212622884462,8.686868686868687,17.070167183666207,8.686868686868687,18.057249325291693,8.686868686868687,16.08059160525232,8.686868686868687,16.455015574656887,8.686868686868687,16.893086577421105,8.686868686868687,19.041581682835183,8.686868686868687,18.541593744389303,8.686868686868687,20.380533977271675,8.686868686868687,19.434304281801058,8.686868686868687,15.408762586660755,8.686868686868687,13.701326627530781,8.686868686868687,19.97721995253497,8.686868686868687,14.537005907871311,8.686868686868687,17.726620484291825,8.686868686868687,-28.38369254709803,8.686868686868687,43.81581845900273
8.787878787878787,18.233259795076943,8.787878787878787,17.43009975044383,8.787878787878787,18.75239198872673,8.787878787878787,21.328099254189347,8.787878787878787,15.412661568528785,8.787878787878787,15.87606883682799,8.787878787878787,16.82611596065838,8.787878787878787,18.49411773421445,8.787878787878787,16.857173394183455,8.787878787878787,19.330482156908918,8.787878787878787,18.0533358938106,8.787878787878787,17.126491275763524,8.787878787878787,18.591740229582662,8.787878787878787,20.69877996921128,8.787878787878787,14.054139951796023,8.787878787878787,16.84170189759093,8.787878787878787,-25.357838084272164,8.787878787878787,34.95687188818834
8.88888888888889,16.718257370243702,8.88888888888889,16.08419034164097,8.88888888888889,18.339761513247844,8.88888888888889,19.67862545414988,8.88888888888889,21.152061047922906,8.88888888888889,19.43844941086627,8.88888888888889,19.19969771418476,8.88888888888889,17.637446354860483,8.88888888888889,18.959087439162396,8.88888888888889,17.33584943011845,8.88888888888889,17.25969348613637,8.88888888888889,18.87788197582688,8.88888888888889,15.571044565430032,8.88888888888889,17.84178607590931,8.88888888888889,14.726465148637589,8.88888888888889,16.12259733648034,8.88888888888889,-25.25022730893596,8.88888888888889,56.383490208383606
8.98989898989899,19.00633284602469,8.98989898989899,14.95010353042625,8.98989898989899,16.73439894015679,8.98989898989899,16.825990668473175,8.98989898989899,19.74307749369688,8.98989898989899,16.267630327980246,8.98989898989899,18.86832460277006,8.98989898989899,14.657876112765997,8.98989898989899,20.197205140963796,8.98989898989899,18.03356965778704,8.98989898989899,17.587098281628023,8.98989898989899,16.04310907007071,8.98989898989899,13.674016793893013,8.98989898989899,16.472962239105613,8.98989898989899,20.504966186652343,8.98989898989899,18.15208574589073,8.98989898989899,-28.264221838217356,8.98989898989899,76.80900892046289
9.09090909090909,18.37597328051426,9.09090909090909,17.288788277684137,9.09090909090909,17.76557368110363,9.09090909090909,16.384988839121466,9.09090909090909,18.165872899184944,9.09090909090909,18.324950656256966,9.09090909090909,17.45988585018002,9.09090909090909,19.04105462008335,9.09090909090909,19.82278254421291,9.09090909090909,18.598583797713285,9.09090909090909,18.03861566299005,9.09090909090909,18.3925691941101,9.09090909090909,18.95897539088011,9.09090909090909,19.101762467696414,9.09090909090909,17.078101890033288,9.09090909090909,16.037540157846966,9.09090909090909,-24.339258265350896,9.09090909090909,12.496550607085112
9.191919191919192,20.321128364904162,9.191919191919192,20.09663597248533,9.191919191919192,17.39783651452072,9.191919191919192,19.367676726851396,9.191919191919192,21.343726661618437,9.191919191919192,17.42852349030815,9.191919191919192,20.70249799056688,9.191919191919192,18.799213758164605,9.191919191919192,19.398386446052978,9.191919191919192,14.300368646989803,9.191919191919192,18.309393910818702,9.191919191919192,15.715787394001975,9.191919191919192,23.369837418703966,9.191919191919192,17.028407644334173,9.191919191919192,23.500236955174888,9.191919191919192,12.54113741684917,9.191919191919192,-29.9502758588702,9.191919191919192,52.30052158294834
9.292929292929292,17.18175239810388,9.292929292929292,19.014046074118994,9.292929292929292,17.40712907197016,9.292929292929292,15.9453921718173,9.292929292929292,18.74059520115382,9.292929292929292,19.543818237351367,9.292929292929292,16.42373193065879,9.292929292929292,19.129016260249333,9.292929292929292,20.719207965036894,9.292929292929292,18.09150382081739,9.292929292929292,20.041117673132543,9.292929292929292,17.383123297956157,9.292929292929292,18.573716762778798,9.292929292929292,22.61263308091183,9.292929292929292,17.457363388543808,9.292929292929292,19.45897819417392,9.292929292929292,-23.522301391501657,9.292929292929292,46.797344088667195
9.393939393939394,18.13255449468325,9.393939393939394,16.296401230454812,9.393939393939394,20.48708298192084,9.393939393939394,22.450796319587496,9.393939393939394,17.06531038522226,9.393939393939394,19.455202998452684,9.393939393939394,20.019750001767317,9.393939393939394,16.23438163623817,9.393939393939394,21.126469968770134,9.393939393939394,17.423910291883193,9.393939393939394,18.891770559493388,9.393939393939394,19.427442656163862,9.393939393939394,20.464860336782074,9.393939393939394,19.060949450044262,9.393939393939394,19.15698139427286,9.393939393939394,20.59574847005118,9.393939393939394,-34.91171658305193,9.393939393939394,63.42680152900931
9.494949494949495,18.205682683634674,9.494949494949495,19.336260841601355,9.494949494949495,19.703929961829083,9.494949494949495,21.348779231341563,9.494949494949495,22.036147144438303,9.494949494949495,21.064978878414788,9.494949494949495,20.176101505835756,9.494949494949495,16.827785909082465,9.494949494949495,21.754216971974046,9.494949494949495,16.986658970109158,9.494949494949495,20.45517914433015,9.494949494949495,15.803911522835651,9.494949494949495,19.15355770699412,9.494949494949495,18.259255887274772,9.494949494949495,22.07411889503474,9.494949494949495,14.264034118815314,9.494949494949495,-27.852950587116425,9.494949494949495,54.26393256475378
9.595959595959595,16.264889295654953,9.595959595959595,19.962553951376865,9.595959595959595,17.806100001397883,9.595959595959595,18.25356788770978,9.595959595959595,20.26973927928851,9.595959595959595,18.171886394209697,9.595959595959595,18.57282631329121,9.595959595959595,21.298224898584998,9.595959595959595,20.489338967098476,9.595959595959595,18.629718606147282,9.595959595959595,19.030486031702026,9.595959595959595,20.072868667839987,9.595959595959595,18.994139885536907,9.595959595959595,19.561279803649008,9.595959595959595,23.204104968237438,9.595959595959595,17.172457782499315,9.595959595959595,-19.093233792587363,9.595959595959595,34.96061336522362
9.696969696969697,19.986179948068546,9.696969696969697,17.62622452153713,9.696969696969697,21.193139144805897,9.696969696969697,15.967670335757639,9.696969696969697,17.31944708528648,9.696969696969697,18.85418952335265,9.696969696969697,20.04620543842363,9.696969696969697,19.314829086226084,9.696969696969697,19.059703233305687,9.696969696969697,22.98931244763844,9.696969696969697,19.551209774571575,9.696969696969697,19.354663796086033,9.696969696969697,21.232092359914933,9.696969696969697,16.699686814880003,9.696969696969697,23.51694654721219,9.696969696969697,20.63224791594979,9.696969696969697,-34.09256571393696,9.696969696969697,43.618921286667636
9.797979797979798,20.118070140319375,9.797979797979798,19.90340980785065,9.797979797979798,20.210558637712815,9.797979797979798,22.30370434429042,9.797979797979798,19.21528223979238,9.797979797979798,17.63843216439498,9.797979797979798,17.09373244318899,9.797979797979798,20.958960990704846,9.797979797979798,19.88938696882624,9.797979797979798,20.877645318493613,9.797979797979798,15.599558226895379,9.797979797979798,20.70093950479389,9.797979797979798,19.015410507582292,9.797979797979798,17.652731518938293,9.797979797979798,22.01269205714588,9.797979797979798,23.71095053538299,9.797979797979798,-32.78266424656365,9.797979797979798,34.079482863930224
9.8989898989899,19.80820671126472,9.8989898989899,19.9143972348718,9.8989898989899,21.42370403565772,9.8989898989899,19.568900107474562,9.8989898989899,18.046743291210284,9.8989898989899,18.909393277827576,9.8989898989899,21.646033836393602,9.8989898989899,19.85461655024072,9.8989898989899,22.210997730996514,9.8989898989899,18.655621818414204,9.8989898989899,21.630635147384762,9.8989898989899,20.245808066109124,9.8989898989899,20.332764426123607,9.8989898989899,22.19880761386865,9.8989898989899,21.846104849602725,9.8989898989899,19.839567213330614,9.8989898989899,-27.127430448675124,9.8989898989899,71.52014277197196
10.0,19.530825733249706,10.0,17.714059404338755,10.0,21.259257683847224,10.0,22.47563262394692,10.0,17.234400538071327,10.0,20.754600986089706,10.0,19.63019572711402,10.0,20.05951227899149,10.0,18.366128658025527,10.0,21.145165562712318,10.0,20.692976951795984,10.0,22.728280859947688,10.0,20.643395612392027,10.0,18.686211442057207,10.0,21.185053898402366,10.0,18.543994117541732,10.0,-29.10209109030201,10.0,50.42623297343884
